,year,month,year_month,avg_wind_speed,wind_shear,wind_turbine_speeds,power_curve,f_v
0,2010,1,2010-January,1.6571,1.8073,0,0,0.0
1,2010,1,2010-January,1.6571,1.8073,0.5,0,0.22642406365302484
2,2010,1,2010-January,1.6571,1.8073,1.0,0,0.37812219031491734
3,2010,1,2010-January,1.6571,1.8073,1.5,0,0.419942090006651
4,2010,1,2010-January,1.6571,1.8073,2.0,0,0.367604243290802
5,2010,1,2010-January,1.6571,1.8073,2.5,0,0.2675033932042228
6,2010,1,2010-January,1.6571,1.8073,3.0,0,0.16570503329390573
7,2010,1,2010-January,1.6571,1.8073,3.5,0,0.08848996869838119
8,2010,1,2010-January,1.6571,1.8073,4.0,0,0.04104723734165271
9,2010,1,2010-January,1.6571,1.8073,4.5,0,0.016619608594697605
10,2010,1,2010-January,1.6571,1.8073,5.0,5,0.005893170569156944
11,2010,1,2010-January,1.6571,1.8073,5.5,8,0.0018344201750599089
12,2010,1,2010-January,1.6571,1.8073,6.0,13,0.0005021470241176304
13,2010,1,2010-January,1.6571,1.8073,6.5,19,0.00012103832535514444
14,2010,1,2010-January,1.6571,1.8073,7.0,26,2.571721223742759e-05
15,2010,1,2010-January,1.6571,1.8073,7.5,32,4.820474660116001e-06
16,2010,1,2010-January,1.6571,1.8073,8.0,39,7.976412625439395e-07
17,2010,1,2010-January,1.6571,1.8073,8.5,46,1.1657677262744264e-07
18,2010,1,2010-January,1.6571,1.8073,9.0,53,1.50555796613005e-08
19,2010,1,2010-January,1.6571,1.8073,9.5,59,1.7188059127782308e-09
20,2010,1,2010-January,1.6571,1.8073,10.0,65,1.735153450838212e-10
21,2010,1,2010-January,1.6571,1.8073,10.5,71,1.549345355109957e-11
22,2010,1,2010-January,1.6571,1.8073,11.0,76,1.2239369898130212e-12
23,2010,1,2010-January,1.6571,1.8073,11.5,80,8.55574924494638e-14
24,2010,1,2010-January,1.6571,1.8073,12.0,84,5.2932411254718995e-15
25,2010,1,2010-January,1.6571,1.8073,12.5,88,2.898792054805508e-16
26,2010,1,2010-January,1.6571,1.8073,13.0,92,1.4054112040074895e-17
27,2010,1,2010-January,1.6571,1.8073,13.5,95,6.032998675772837e-19
28,2010,1,2010-January,1.6571,1.8073,14.0,97,2.2932599794848668e-20
29,2010,1,2010-January,1.6571,1.8073,14.5,100,7.719789282422505e-22
30,2010,1,2010-January,1.6571,1.8073,15.0,102,2.3015864013542496e-23
31,2010,1,2010-January,1.6571,1.8073,15.5,104,6.077888023657208e-25
32,2010,1,2010-January,1.6571,1.8073,16.0,105,1.421714340713465e-26
33,2010,1,2010-January,1.6571,1.8073,16.5,107,2.9460089596020925e-28
34,2010,1,2010-January,1.6571,1.8073,17.0,108,5.408081037095009e-30
35,2010,1,2010-January,1.6571,1.8073,17.5,109,8.795547141956197e-32
36,2010,1,2010-January,1.6571,1.8073,18.0,109,1.2674016037152628e-33
37,2010,1,2010-January,1.6571,1.8073,18.5,109,1.6181426444778256e-35
38,2010,1,2010-January,1.6571,1.8073,19.0,109,1.8305786643947456e-37
39,2010,1,2010-January,1.6571,1.8073,19.5,109,1.8350399332192085e-39
40,2010,1,2010-January,1.6571,1.8073,20.0,109,1.630059320270194e-41
41,2010,1,2010-January,1.6571,1.8073,20.5,109,1.2831462901841744e-43
42,2010,1,2010-January,1.6571,1.8073,21.0,108,8.95111005458038e-46
43,2010,1,2010-January,1.6571,1.8073,21.5,108,5.533727193081321e-48
44,2010,1,2010-January,1.6571,1.8073,22.0,107,3.031866270760641e-50
45,2010,1,2010-January,1.6571,1.8073,22.5,106,1.4721916392277483e-52
46,2010,1,2010-January,1.6571,1.8073,23.0,105,6.3356404888213516e-55
47,2010,1,2010-January,1.6571,1.8073,23.5,104,2.4165612378742318e-57
48,2010,1,2010-January,1.6571,1.8073,24.0,103,8.169487831600001e-60
49,2010,1,2010-January,1.6571,1.8073,24.5,102,2.4478776731425506e-62
50,2010,1,2010-January,1.6571,1.8073,25.0,102,6.501148200218698e-65
51,2010,3,2010-March,1.5099,1.6468,0,0,0.0
52,2010,3,2010-March,1.5099,1.6468,0.5,0,0.2693795038317631
53,2010,3,2010-March,1.5099,1.6468,1.0,0,0.433574464269545
54,2010,3,2010-March,1.5099,1.6468,1.5,0,0.45283175562320077
55,2010,3,2010-March,1.5099,1.6468,2.0,0,0.3637226102331585
56,2010,3,2010-March,1.5099,1.6468,2.5,0,0.23696694389968845
57,2010,3,2010-March,1.5099,1.6468,3.0,0,0.12822988034319263
58,2010,3,2010-March,1.5099,1.6468,3.5,0,0.05836722124985343
59,2010,3,2010-March,1.5099,1.6468,4.0,0,0.022516802782560116
60,2010,3,2010-March,1.5099,1.6468,4.5,0,0.007398058709255312
61,2010,3,2010-March,1.5099,1.6468,5.0,5,0.0020770481235539676
62,2010,3,2010-March,1.5099,1.6468,5.5,8,0.000499485984904958
63,2010,3,2010-March,1.5099,1.6468,6.0,13,0.0001030644045300358
64,2010,3,2010-March,1.5099,1.6468,6.5,19,1.827176088669804e-05
65,2010,3,2010-March,1.5099,1.6468,7.0,26,2.786040677353109e-06
66,2010,3,2010-March,1.5099,1.6468,7.5,32,3.656670353298157e-07
67,2010,3,2010-March,1.5099,1.6468,8.0,39,4.133923509002764e-08
68,2010,3,2010-March,1.5099,1.6468,8.5,46,4.027652983300996e-09
69,2010,3,2010-March,1.5099,1.6468,9.0,53,3.38336667240286e-10
70,2010,3,2010-March,1.5099,1.6468,9.5,59,2.4514123443833826e-11
71,2010,3,2010-March,1.5099,1.6468,10.0,65,1.532469138078892e-12
72,2010,3,2010-March,1.5099,1.6468,10.5,71,8.267853598740182e-14
73,2010,3,2010-March,1.5099,1.6468,11.0,76,3.85053143676912e-15
74,2010,3,2010-March,1.5099,1.6468,11.5,80,1.5483284933056435e-16
75,2010,3,2010-March,1.5099,1.6468,12.0,84,5.3764617073663726e-18
76,2010,3,2010-March,1.5099,1.6468,12.5,88,1.6124569819374611e-19
77,2010,3,2010-March,1.5099,1.6468,13.0,92,4.1773133837846896e-21
78,2010,3,2010-March,1.5099,1.6468,13.5,95,9.349229538861851e-23
79,2010,3,2010-March,1.5099,1.6468,14.0,97,1.8078866863527267e-24
80,2010,3,2010-March,1.5099,1.6468,14.5,100,3.0208214594391916e-26
81,2010,3,2010-March,1.5099,1.6468,15.0,102,4.361892591519052e-28
82,2010,3,2010-March,1.5099,1.6468,15.5,104,5.443206703189577e-30
83,2010,3,2010-March,1.5099,1.6468,16.0,105,5.870773153621363e-32
84,2010,3,2010-March,1.5099,1.6468,16.5,107,5.472984489758341e-34
85,2010,3,2010-March,1.5099,1.6468,17.0,108,4.4102876751745514e-36
86,2010,3,2010-March,1.5099,1.6468,17.5,109,3.0721791538817184e-38
87,2010,3,2010-March,1.5099,1.6468,18.0,109,1.850053358113556e-40
88,2010,3,2010-March,1.5099,1.6468,18.5,109,9.631623669013205e-43
89,2010,3,2010-March,1.5099,1.6468,19.0,109,4.335210336483069e-45
90,2010,3,2010-March,1.5099,1.6468,19.5,109,1.687068619810409e-47
91,2010,3,2010-March,1.5099,1.6468,20.0,109,5.676523801161835e-50
92,2010,3,2010-March,1.5099,1.6468,20.5,109,1.6514804154046721e-52
93,2010,3,2010-March,1.5099,1.6468,21.0,108,4.15449966897557e-55
94,2010,3,2010-March,1.5099,1.6468,21.5,108,9.037129984466635e-58
95,2010,3,2010-March,1.5099,1.6468,22.0,107,1.6998873921740582e-60
96,2010,3,2010-March,1.5099,1.6468,22.5,106,2.7650192609899457e-63
97,2010,3,2010-March,1.5099,1.6468,23.0,105,3.8893266329845374e-66
98,2010,3,2010-March,1.5099,1.6468,23.5,104,4.731056672348729e-69
99,2010,3,2010-March,1.5099,1.6468,24.0,103,4.97688956822414e-72
100,2010,3,2010-March,1.5099,1.6468,24.5,102,4.527746352151904e-75
101,2010,3,2010-March,1.5099,1.6468,25.0,102,3.5623617901375667e-78
102,2010,4,2010-April,1.7916,1.9540,0,0,0.0
103,2010,4,2010-April,1.7916,1.9540,0.5,0,0.19539202601244776
104,2010,4,2010-April,1.7916,1.9540,1.0,0,0.33491534959444014
105,2010,4,2010-April,1.7916,1.9540,1.5,0,0.3884692783527937
106,2010,4,2010-April,1.7916,1.9540,2.0,0,0.36137485458184976
107,2010,4,2010-April,1.7916,1.9540,2.5,0,0.28435613617963607
108,2010,4,2010-April,1.7916,1.9540,3.0,0,0.1938075354810472
109,2010,4,2010-April,1.7916,1.9540,3.5,0,0.1158714399624524
110,2010,4,2010-April,1.7916,1.9540,4.0,0,0.06122932243473169
111,2010,4,2010-April,1.7916,1.9540,4.5,0,0.028736589587646078
112,2010,4,2010-April,1.7916,1.9540,5.0,5,0.012018440356012412
113,2010,4,2010-April,1.7916,1.9540,5.5,8,0.0044898139107060085
114,2010,4,2010-April,1.7916,1.9540,6.0,13,0.0015008475912458193
115,2010,4,2010-April,1.7916,1.9540,6.5,19,0.00044952157039670516
116,2010,4,2010-April,1.7916,1.9540,7.0,26,0.00012075891551242057
117,2010,4,2010-April,1.7916,1.9540,7.5,32,2.9120481992693315e-05
118,2010,4,2010-April,1.7916,1.9540,8.0,39,6.307765814114036e-06
119,2010,4,2010-April,1.7916,1.9540,8.5,46,1.2279619936717374e-06
120,2010,4,2010-April,1.7916,1.9540,9.0,53,2.1494189897711867e-07
121,2010,4,2010-April,1.7916,1.9540,9.5,59,3.384128900261454e-08
122,2010,4,2010-April,1.7916,1.9540,10.0,65,4.794023493388067e-09
123,2010,4,2010-April,1.7916,1.9540,10.5,71,6.112212863346759e-10
124,2010,4,2010-April,1.7916,1.9540,11.0,76,7.015247813631407e-11
125,2010,4,2010-April,1.7916,1.9540,11.5,80,7.2497241108038786e-12
126,2010,4,2010-April,1.7916,1.9540,12.0,84,6.746994248100855e-13
127,2010,4,2010-April,1.7916,1.9540,12.5,88,5.655574248495595e-14
128,2010,4,2010-April,1.7916,1.9540,13.0,92,4.270510520554759e-15
129,2010,4,2010-April,1.7916,1.9540,13.5,95,2.905173725659403e-16
130,2010,4,2010-April,1.7916,1.9540,14.0,97,1.7807396031718974e-17
131,2010,4,2010-April,1.7916,1.9540,14.5,100,9.835729433307825e-19
132,2010,4,2010-April,1.7916,1.9540,15.0,102,4.895850714206227e-20
133,2010,4,2010-April,1.7916,1.9540,15.5,104,2.1963375634306207e-21
134,2010,4,2010-April,1.7916,1.9540,16.0,105,8.880757355503849e-23
135,2010,4,2010-April,1.7916,1.9540,16.5,107,3.236746918614811e-24
136,2010,4,2010-April,1.7916,1.9540,17.0,108,1.063409767056289e-25
137,2010,4,2010-April,1.7916,1.9540,17.5,109,3.149552438991941e-27
138,2010,4,2010-April,1.7916,1.9540,18.0,109,8.409584107427755e-29
139,2010,4,2010-April,1.7916,1.9540,18.5,109,2.024403629258028e-30
140,2010,4,2010-April,1.7916,1.9540,19.0,109,4.393741399102909e-32
141,2010,4,2010-April,1.7916,1.9540,19.5,109,8.598113268789773e-34
142,2010,4,2010-April,1.7916,1.9540,20.0,109,1.5171144777453627e-35
143,2010,4,2010-April,1.7916,1.9540,20.5,109,2.4137604758762007e-37
144,2010,4,2010-April,1.7916,1.9540,21.0,108,3.462929944268657e-39
145,2010,4,2010-April,1.7916,1.9540,21.5,108,4.480011392574443e-41
146,2010,4,2010-April,1.7916,1.9540,22.0,107,5.226509375043698e-43
147,2010,4,2010-April,1.7916,1.9540,22.5,106,5.49859980678592e-45
148,2010,4,2010-April,1.7916,1.9540,23.0,105,5.216871251842578e-47
149,2010,4,2010-April,1.7916,1.9540,23.5,104,4.4636998151671004e-49
150,2010,4,2010-April,1.7916,1.9540,24.0,103,3.4444139730928876e-51
151,2010,4,2010-April,1.7916,1.9540,24.5,102,2.3970622608719345e-53
152,2010,4,2010-April,1.7916,1.9540,25.0,102,1.5045080479041238e-55
153,2010,5,2010-May,1.6195,1.7663,0,0,0.0
154,2010,5,2010-May,1.6195,1.7663,0.5,0,0.2363894399637386
155,2010,5,2010-May,1.6195,1.7663,1.0,0,0.3914348169146036
156,2010,5,2010-May,1.6195,1.7663,1.5,0,0.42863373890863954
157,2010,5,2010-May,1.6195,1.7663,2.0,0,0.36787052061578257
158,2010,5,2010-May,1.6195,1.7663,2.5,0,0.2609811582777957
159,2010,5,2010-May,1.6195,1.7663,3.0,0,0.15672158352476606
160,2010,5,2010-May,1.6195,1.7663,3.5,0,0.08067672649087464
161,2010,5,2010-May,1.6195,1.7663,4.0,0,0.0358713018898303
162,2010,5,2010-May,1.6195,1.7663,4.5,0,0.013843338605506444
163,2010,5,2010-May,1.6195,1.7663,5.0,5,0.004652364886407473
164,2010,5,2010-May,1.6195,1.7663,5.5,8,0.001364822419213159
165,2010,5,2010-May,1.6195,1.7663,6.0,13,0.0003501133400582796
166,2010,5,2010-May,1.6195,1.7663,6.5,19,7.864098985246259e-05
167,2010,5,2010-May,1.6195,1.7663,7.0,26,1.548267928215436e-05
168,2010,5,2010-May,1.6195,1.7663,7.5,32,2.6739671061662633e-06
169,2010,5,2010-May,1.6195,1.7663,8.0,39,4.053832125842408e-07
170,2010,5,2010-May,1.6195,1.7663,8.5,46,5.397714767038477e-08
171,2010,5,2010-May,1.6195,1.7663,9.0,53,6.315140307813153e-09
172,2010,5,2010-May,1.6195,1.7663,9.5,59,6.494531766508183e-10
173,2010,5,2010-May,1.6195,1.7663,10.0,65,5.872759852585842e-11
174,2010,5,2010-May,1.6195,1.7663,10.5,71,4.67071964250414e-12
175,2010,5,2010-May,1.6195,1.7663,11.0,76,3.2679371912283353e-13
176,2010,5,2010-May,1.6195,1.7663,11.5,80,2.011868670526823e-14
177,2010,5,2010-May,1.6195,1.7663,12.0,84,1.090029022831331e-15
178,2010,5,2010-May,1.6195,1.7663,12.5,88,5.19823744224322e-17
179,2010,5,2010-May,1.6195,1.7663,13.0,92,2.182292667882603e-18
180,2010,5,2010-May,1.6195,1.7663,13.5,95,8.066055526390002e-20
181,2010,5,2010-May,1.6195,1.7663,14.0,97,2.6251101349342574e-21
182,2010,5,2010-May,1.6195,1.7663,14.5,100,7.523393991592868e-23
183,2010,5,2010-May,1.6195,1.7663,15.0,102,1.898880479354818e-24
184,2010,5,2010-May,1.6195,1.7663,15.5,104,4.2211704842471644e-26
185,2010,5,2010-May,1.6195,1.7663,16.0,105,8.265140821098601e-28
186,2010,5,2010-May,1.6195,1.7663,16.5,107,1.4255339204091245e-29
187,2010,5,2010-May,1.6195,1.7663,17.0,108,2.165908602244974e-31
188,2010,5,2010-May,1.6195,1.7663,17.5,109,2.8990860304211657e-33
189,2010,5,2010-May,1.6195,1.7663,18.0,109,3.418705305342363e-35
190,2010,5,2010-May,1.6195,1.7663,18.5,109,3.5519042680444556e-37
191,2010,5,2010-May,1.6195,1.7663,19.0,109,3.2514549709876006e-39
192,2010,5,2010-May,1.6195,1.7663,19.5,109,2.622573268082995e-41
193,2010,5,2010-May,1.6195,1.7663,20.0,109,1.8639151862808234e-43
194,2010,5,2010-May,1.6195,1.7663,20.5,109,1.1673132119714556e-45
195,2010,5,2010-May,1.6195,1.7663,21.0,108,6.442055767037357e-48
196,2010,5,2010-May,1.6195,1.7663,21.5,108,3.1329217453032197e-50
197,2010,5,2010-May,1.6195,1.7663,22.0,107,1.3426843485142688e-52
198,2010,5,2010-May,1.6195,1.7663,22.5,106,5.07117010584752e-55
199,2010,5,2010-May,1.6195,1.7663,23.0,105,1.6879600666398033e-57
200,2010,5,2010-May,1.6195,1.7663,23.5,104,4.951595073514236e-60
201,2010,5,2010-May,1.6195,1.7663,24.0,103,1.2801642240496689e-62
202,2010,5,2010-May,1.6195,1.7663,24.5,102,2.9169700478185007e-65
203,2010,5,2010-May,1.6195,1.7663,25.0,102,5.858030000631898e-68
204,2010,6,2010-June,1.2985,1.4162,0,0,0.0
205,2010,6,2010-June,1.2985,1.4162,0.5,0,0.3550777551195536
206,2010,6,2010-June,1.2985,1.4162,1.0,0,0.5294217191001304
207,2010,6,2010-June,1.2985,1.4162,1.5,0,0.48675097957214314
208,2010,6,2010-June,1.2985,1.4162,2.0,0,0.3270581083474667
209,2010,6,2010-June,1.2985,1.4162,2.5,0,0.16938689680549293
210,2010,6,2010-June,1.2985,1.4162,3.0,0,0.06924229668918086
211,2010,6,2010-June,1.2985,1.4162,3.5,0,0.022625291815099976
212,2010,6,2010-June,1.2985,1.4162,4.0,0,0.0059542573302929815
213,2010,6,2010-June,1.2985,1.4162,4.5,0,0.00126819814797437
214,2010,6,2010-June,1.2985,1.4162,5.0,5,0.00021933963976138185
215,2010,6,2010-June,1.2985,1.4162,5.5,8,3.0877907379879996e-05
216,2010,6,2010-June,1.2985,1.4162,6.0,13,3.544377726646528e-06
217,2010,6,2010-June,1.2985,1.4162,6.5,19,3.321782640297664e-07
218,2010,6,2010-June,1.2985,1.4162,7.0,26,2.544430127022231e-08
219,2010,6,2010-June,1.2985,1.4162,7.5,32,1.5942407860676591e-09
220,2010,6,2010-June,1.2985,1.4162,8.0,39,8.176140218474913e-11
221,2010,6,2010-June,1.2985,1.4162,8.5,46,3.43406482990421e-12
222,2010,6,2010-June,1.2985,1.4162,9.0,53,1.1817587376305668e-13
223,2010,6,2010-June,1.2985,1.4162,9.5,59,3.333283058465326e-15
224,2010,6,2010-June,1.2985,1.4162,10.0,65,7.70861570196303e-17
225,2010,6,2010-June,1.2985,1.4162,10.5,71,1.4620392384927574e-18
226,2010,6,2010-June,1.2985,1.4162,11.0,76,2.2746850700479278e-20
227,2010,6,2010-June,1.2985,1.4162,11.5,80,2.903693840888889e-22
228,2010,6,2010-June,1.2985,1.4162,12.0,84,3.0417544258474184e-24
229,2010,6,2010-June,1.2985,1.4162,12.5,88,2.6152208116090516e-26
230,2010,6,2010-June,1.2985,1.4162,13.0,92,1.8457066607276648e-28
231,2010,6,2010-June,1.2985,1.4162,13.5,95,1.06939857415473e-30
232,2010,6,2010-June,1.2985,1.4162,14.0,97,5.087283044417732e-33
233,2010,6,2010-June,1.2985,1.4162,14.5,100,1.987208471930253e-35
234,2010,6,2010-June,1.2985,1.4162,15.0,102,6.374553601772812e-38
235,2010,6,2010-June,1.2985,1.4162,15.5,104,1.679340784704233e-40
236,2010,6,2010-June,1.2985,1.4162,16.0,105,3.6336347264662245e-43
237,2010,6,2010-June,1.2985,1.4162,16.5,107,6.457804673691438e-46
238,2010,6,2010-June,1.2985,1.4162,17.0,108,9.427468427075366e-49
239,2010,6,2010-June,1.2985,1.4162,17.5,109,1.1305634652316231e-51
240,2010,6,2010-June,1.2985,1.4162,18.0,109,1.1137960279639492e-54
241,2010,6,2010-June,1.2985,1.4162,18.5,109,9.014604509474029e-58
242,2010,6,2010-June,1.2985,1.4162,19.0,109,5.9942640378713076e-61
243,2010,6,2010-June,1.2985,1.4162,19.5,109,3.2748372853508756e-64
244,2010,6,2010-June,1.2985,1.4162,20.0,109,1.470020821227256e-67
245,2010,6,2010-June,1.2985,1.4162,20.5,109,5.421896905059582e-71
246,2010,6,2010-June,1.2985,1.4162,21.0,108,1.6431837125793892e-74
247,2010,6,2010-June,1.2985,1.4162,21.5,108,4.092043554678938e-78
248,2010,6,2010-June,1.2985,1.4162,22.0,107,8.373845772355352e-82
249,2010,6,2010-June,1.2985,1.4162,22.5,106,1.4081561396547048e-85
250,2010,6,2010-June,1.2985,1.4162,23.0,105,1.945932078160684e-89
251,2010,6,2010-June,1.2985,1.4162,23.5,104,2.209860089218446e-93
252,2010,6,2010-June,1.2985,1.4162,24.0,103,2.0623898435352258e-97
253,2010,6,2010-June,1.2985,1.4162,24.5,102,1.5818078839441148e-101
254,2010,6,2010-June,1.2985,1.4162,25.0,102,9.970600616332669e-106
255,2010,7,2010-July,1.3631,1.4866,0,0,0.0
256,2010,7,2010-July,1.3631,1.4866,0.5,0,0.32517411237945193
257,2010,7,2010-July,1.3631,1.4866,1.0,0,0.49818308318595905
258,2010,7,2010-July,1.3631,1.4866,1.5,0,0.47923875380026115
259,2010,7,2010-July,1.3631,1.4866,2.0,0,0.3430765544671627
260,2010,7,2010-July,1.3631,1.4866,2.5,0,0.19276585272791427
261,2010,7,2010-July,1.3631,1.4866,3.0,0,0.08705006081900717
262,2010,7,2010-July,1.3631,1.4866,3.5,0,0.03199648532192026
263,2010,7,2010-July,1.3631,1.4866,4.0,0,0.009645157138369342
264,2010,7,2010-July,1.3631,1.4866,4.5,0,0.002396103607523354
265,2010,7,2010-July,1.3631,1.4866,5.0,5,0.0004921931039988238
266,2010,7,2010-July,1.3631,1.4866,5.5,8,8.379716554934756e-05
267,2010,7,2010-July,1.3631,1.4866,6.0,13,1.1845344250225366e-05
268,2010,7,2010-July,1.3631,1.4866,6.5,19,1.3920930588950798e-06
269,2010,7,2010-July,1.3631,1.4866,7.0,26,1.36157040943519e-07
270,2010,7,2010-July,1.3631,1.4866,7.5,32,1.1092237475670526e-08
271,2010,7,2010-July,1.3631,1.4866,8.0,39,7.531689222118046e-10
272,2010,7,2010-July,1.3631,1.4866,8.5,46,4.264759225452705e-11
273,2010,7,2010-July,1.3631,1.4866,9.0,53,2.0147444408138545e-12
274,2010,7,2010-July,1.3631,1.4866,9.5,59,7.943860426994128e-14
275,2010,7,2010-July,1.3631,1.4866,10.0,65,2.61497307072939e-15
276,2010,7,2010-July,1.3631,1.4866,10.5,71,7.188601662007087e-17
277,2010,7,2010-July,1.3631,1.4866,11.0,76,1.6506856739424414e-18
278,2010,7,2010-July,1.3631,1.4866,11.5,80,3.1667573878262546e-20
279,2010,7,2010-July,1.3631,1.4866,12.0,84,5.076590481942656e-22
280,2010,7,2010-July,1.3631,1.4866,12.5,88,6.801481313803267e-24
281,2010,7,2010-July,1.3631,1.4866,13.0,92,7.616722576906374e-26
282,2010,7,2010-July,1.3631,1.4866,13.5,95,7.130475974475916e-28
283,2010,7,2010-July,1.3631,1.4866,14.0,97,5.580863921036119e-30
284,2010,7,2010-July,1.3631,1.4866,14.5,100,3.652235073733711e-32
285,2010,7,2010-July,1.3631,1.4866,15.0,102,1.998609653506246e-34
286,2010,7,2010-July,1.3631,1.4866,15.5,104,9.146250651875919e-37
287,2010,7,2010-July,1.3631,1.4866,16.0,105,3.5005375494905666e-39
288,2010,7,2010-July,1.3631,1.4866,16.5,107,1.120548703043297e-41
289,2010,7,2010-July,1.3631,1.4866,17.0,108,3.0002429751664326e-44
290,2010,7,2010-July,1.3631,1.4866,17.5,109,6.719468865498072e-47
291,2010,7,2010-July,1.3631,1.4866,18.0,109,1.2588890950039042e-49
292,2010,7,2010-July,1.3631,1.4866,18.5,109,1.973028878742383e-52
293,2010,7,2010-July,1.3631,1.4866,19.0,109,2.5869661116356385e-55
294,2010,7,2010-July,1.3631,1.4866,19.5,109,2.837761244315227e-58
295,2010,7,2010-July,1.3631,1.4866,20.0,109,2.6043780034132294e-61
296,2010,7,2010-July,1.3631,1.4866,20.5,109,1.9998127971310313e-64
297,2010,7,2010-July,1.3631,1.4866,21.0,108,1.2848277676797964e-67
298,2010,7,2010-July,1.3631,1.4866,21.5,108,6.906895644293518e-71
299,2010,7,2010-July,1.3631,1.4866,22.0,107,3.1068093850401128e-74
300,2010,7,2010-July,1.3631,1.4866,22.5,106,1.1693664160826022e-77
301,2010,7,2010-July,1.3631,1.4866,23.0,105,3.682992071358252e-81
302,2010,7,2010-July,1.3631,1.4866,23.5,104,9.706761017638252e-85
303,2010,7,2010-July,1.3631,1.4866,24.0,103,2.1408188591949495e-88
304,2010,7,2010-July,1.3631,1.4866,24.5,102,3.9511693820228455e-92
305,2010,7,2010-July,1.3631,1.4866,25.0,102,6.102659419094442e-96
306,2010,8,2010-August,1.3583,1.4814,0,0,0.0
307,2010,8,2010-August,1.3583,1.4814,0.5,0,0.32725642220438905
308,2010,8,2010-August,1.3583,1.4814,1.0,0,0.5004343425619948
309,2010,8,2010-August,1.3583,1.4814,1.5,0,0.4799027641968121
310,2010,8,2010-August,1.3583,1.4814,2.0,0,0.34205254758111636
311,2010,8,2010-August,1.3583,1.4814,2.5,0,0.19111273969168197
312,2010,8,2010-August,1.3583,1.4814,3.0,0,0.08571239590706077
313,2010,8,2010-August,1.3583,1.4814,3.5,0,0.031249935837475526
314,2010,8,2010-August,1.3583,1.4814,4.0,0,0.009332236514328395
315,2010,8,2010-August,1.3583,1.4814,4.5,0,0.002293870382555415
316,2010,8,2010-August,1.3583,1.4814,5.0,5,0.00046563212312208187
317,2010,8,2010-August,1.3583,1.4814,5.5,8,7.824167566998723e-05
318,2010,8,2010-August,1.3583,1.4814,6.0,13,1.0902226048014367e-05
319,2010,8,2010-August,1.3583,1.4814,6.5,19,1.2613967916641355e-06
320,2010,8,2010-August,1.3583,1.4814,7.0,26,1.2131005324793276e-07
321,2010,8,2010-August,1.3583,1.4814,7.5,32,9.705241784605467e-09
322,2010,8,2010-August,1.3583,1.4814,8.0,39,6.463494449810916e-10
323,2010,8,2010-August,1.3583,1.4814,8.5,46,3.5852097669580675e-11
324,2010,8,2010-August,1.3583,1.4814,9.0,53,1.6570757476862959e-12
325,2010,8,2010-August,1.3583,1.4814,9.5,59,6.384304878572028e-14
326,2010,8,2010-August,1.3583,1.4814,10.0,65,2.0510022128731292e-15
327,2010,8,2010-August,1.3583,1.4814,10.5,71,5.495630164056861e-17
328,2010,8,2010-August,1.3583,1.4814,11.0,76,1.2284823180858194e-18
329,2010,8,2010-August,1.3583,1.4814,11.5,80,2.2914376523444758e-20
330,2010,8,2010-August,1.3583,1.4814,12.0,84,3.5670679738104315e-22
331,2010,8,2010-August,1.3583,1.4814,12.5,88,4.634960544216432e-24
332,2010,8,2010-August,1.3583,1.4814,13.0,92,5.0277216370965243e-26
333,2010,8,2010-August,1.3583,1.4814,13.5,95,4.553438124625695e-28
334,2010,8,2010-August,1.3583,1.4814,14.0,97,3.44347916701195e-30
335,2010,8,2010-August,1.3583,1.4814,14.5,100,2.1746388091786117e-32
336,2010,8,2010-August,1.3583,1.4814,15.0,102,1.1469541408498495e-34
337,2010,8,2010-August,1.3583,1.4814,15.5,104,5.052520799074519e-37
338,2010,8,2010-August,1.3583,1.4814,16.0,105,1.859105203188796e-39
339,2010,8,2010-August,1.3583,1.4814,16.5,107,5.7142791767760785e-42
340,2010,8,2010-August,1.3583,1.4814,17.0,108,1.4672560631187128e-44
341,2010,8,2010-August,1.3583,1.4814,17.5,109,3.1474618587480656e-47
342,2010,8,2010-August,1.3583,1.4814,18.0,109,5.640873011801298e-50
343,2010,8,2010-August,1.3583,1.4814,18.5,109,8.446618736113817e-53
344,2010,8,2010-August,1.3583,1.4814,19.0,109,1.0567884639679384e-55
345,2010,8,2010-August,1.3583,1.4814,19.5,109,1.1047864237523807e-58
346,2010,8,2010-August,1.3583,1.4814,20.0,109,9.650924591332726e-62
347,2010,8,2010-August,1.3583,1.4814,20.5,109,7.04488570287611e-65
348,2010,8,2010-August,1.3583,1.4814,21.0,108,4.297407165457584e-68
349,2010,8,2010-August,1.3583,1.4814,21.5,108,2.190678984309729e-71
350,2010,8,2010-August,1.3583,1.4814,22.0,107,9.332585786472293e-75
351,2010,8,2010-August,1.3583,1.4814,22.5,106,3.3226669413118504e-78
352,2010,8,2010-August,1.3583,1.4814,23.0,105,9.886511265172251e-82
353,2010,8,2010-August,1.3583,1.4814,23.5,104,2.4585553133061582e-85
354,2010,8,2010-August,1.3583,1.4814,24.0,103,5.109827150305514e-89
355,2010,8,2010-August,1.3583,1.4814,24.5,102,8.876256697174317e-93
356,2010,8,2010-August,1.3583,1.4814,25.0,102,1.2887198959606608e-96
357,2010,9,2010-September,1.1752,1.2817,0,0,0.0
358,2010,9,2010-September,1.1752,1.2817,0.5,0,0.4242367232856205
359,2010,9,2010-September,1.1752,1.2817,1.0,0,0.5928047793204976
360,2010,9,2010-September,1.1752,1.2817,1.5,0,0.4891687337123878
361,2010,9,2010-September,1.1752,1.2817,2.0,0,0.28251106082721367
362,2010,9,2010-September,1.1752,1.2817,2.5,0,0.12043862587069161
363,2010,9,2010-September,1.1752,1.2817,3.0,0,0.0388105372602933
364,2010,9,2010-September,1.1752,1.2817,3.5,0,0.009573733968615597
365,2010,9,2010-September,1.1752,1.2817,4.0,0,0.0018215475269857562
366,2010,9,2010-September,1.1752,1.2817,4.5,0,0.00026862258769356004
367,2010,9,2010-September,1.1752,1.2817,5.0,5,3.080575178607582e-05
368,2010,9,2010-September,1.1752,1.2817,5.5,8,2.753839238684637e-06
369,2010,9,2010-September,1.1752,1.2817,6.0,13,1.922310443864647e-07
370,2010,9,2010-September,1.1752,1.2817,6.5,19,1.0492145546975442e-08
371,2010,9,2010-September,1.1752,1.2817,7.0,26,4.482393282558683e-10
372,2010,9,2010-September,1.1752,1.2817,7.5,32,1.5000869907436617e-11
373,2010,9,2010-September,1.1752,1.2817,8.0,39,3.935235478933774e-13
374,2010,9,2010-September,1.1752,1.2817,8.5,46,8.096690052348568e-15
375,2010,9,2010-September,1.1752,1.2817,9.0,53,1.3071374058277869e-16
376,2010,9,2010-September,1.1752,1.2817,9.5,59,1.6564364452652108e-18
377,2010,9,2010-September,1.1752,1.2817,10.0,65,1.6481848003216998e-20
378,2010,9,2010-September,1.1752,1.2817,10.5,71,1.2880485421907765e-22
379,2010,9,2010-September,1.1752,1.2817,11.0,76,7.9077865310316485e-25
380,2010,9,2010-September,1.1752,1.2817,11.5,80,3.8147115729195396e-27
381,2010,9,2010-September,1.1752,1.2817,12.0,84,1.4462022109963184e-29
382,2010,9,2010-September,1.1752,1.2817,12.5,88,4.3094712792271e-32
383,2010,9,2010-September,1.1752,1.2817,13.0,92,1.009498845261303e-34
384,2010,9,2010-September,1.1752,1.2817,13.5,95,1.859203949168612e-37
385,2010,9,2010-September,1.1752,1.2817,14.0,97,2.6923677814810317e-40
386,2010,9,2010-September,1.1752,1.2817,14.5,100,3.0659829112599536e-43
387,2010,9,2010-September,1.1752,1.2817,15.0,102,2.7458111180856013e-46
388,2010,9,2010-September,1.1752,1.2817,15.5,104,1.9340649955550604e-49
389,2010,9,2010-September,1.1752,1.2817,16.0,105,1.0715232766967093e-52
390,2010,9,2010-September,1.1752,1.2817,16.5,107,4.669712310984048e-56
391,2010,9,2010-September,1.1752,1.2817,17.0,108,1.600891693327932e-59
392,2010,9,2010-September,1.1752,1.2817,17.5,109,4.317578285390146e-63
393,2010,9,2010-September,1.1752,1.2817,18.0,109,9.161068143688957e-67
394,2010,9,2010-September,1.1752,1.2817,18.5,109,1.529322461796381e-70
395,2010,9,2010-September,1.1752,1.2817,19.0,109,2.008708716361734e-74
396,2010,9,2010-September,1.1752,1.2817,19.5,109,2.0759471493703602e-78
397,2010,9,2010-September,1.1752,1.2817,20.0,109,1.6881548833296195e-82
398,2010,9,2010-September,1.1752,1.2817,20.5,109,1.0802370310575774e-86
399,2010,9,2010-September,1.1752,1.2817,21.0,108,5.439383693089346e-91
400,2010,9,2010-September,1.1752,1.2817,21.5,108,2.1553428063781922e-95
401,2010,9,2010-September,1.1752,1.2817,22.0,107,6.720945340990509e-100
402,2010,9,2010-September,1.1752,1.2817,22.5,106,1.6493099648898093e-104
403,2010,9,2010-September,1.1752,1.2817,23.0,105,3.1852386510352676e-109
404,2010,9,2010-September,1.1752,1.2817,23.5,104,4.841262968958633e-114
405,2010,9,2010-September,1.1752,1.2817,24.0,103,5.791099368301035e-119
406,2010,9,2010-September,1.1752,1.2817,24.5,102,5.45201595035237e-124
407,2010,9,2010-September,1.1752,1.2817,25.0,102,4.039750972136396e-129
408,2010,10,2010-October,1.0098,1.1013,0,0,0.0
409,2010,10,2010-October,1.0098,1.1013,0.5,0,0.5507707877899651
410,2010,10,2010-October,1.0098,1.1013,1.0,0,0.6777628774450224
411,2010,10,2010-October,1.0098,1.1013,1.5,0,0.4525124277185086
412,2010,10,2010-October,1.0098,1.1013,2.0,0,0.19427428151924764
413,2010,10,2010-October,1.0098,1.1013,2.5,0,0.056566066265361814
414,2010,10,2010-October,1.0098,1.1013,3.0,0,0.011438062547691598
415,2010,10,2010-October,1.0098,1.1013,3.5,0,0.0016266686226432594
416,2010,10,2010-October,1.0098,1.1013,4.0,0,0.00016393642454733644
417,2010,10,2010-October,1.0098,1.1013,4.5,0,1.1765137127288186e-05
418,2010,10,2010-October,1.0098,1.1013,5.0,5,6.032649394215503e-07
419,2010,10,2010-October,1.0098,1.1013,5.5,8,2.2153327213364686e-08
420,2010,10,2010-October,1.0098,1.1013,6.0,13,5.836470626604446e-10
421,2010,10,2010-October,1.0098,1.1013,6.5,19,1.1046374965850208e-11
422,2010,10,2010-October,1.0098,1.1013,7.0,26,1.5034757403948574e-13
423,2010,10,2010-October,1.0098,1.1013,7.5,32,1.472774303878209e-15
424,2010,10,2010-October,1.0098,1.1013,8.0,39,1.0390251537239361e-17
425,2010,10,2010-October,1.0098,1.1013,8.5,46,5.28202837066325e-20
426,2010,10,2010-October,1.0098,1.1013,9.0,53,1.9357739101069078e-22
427,2010,10,2010-October,1.0098,1.1013,9.5,59,5.116236794815982e-25
428,2010,10,2010-October,1.0098,1.1013,10.0,65,9.75498328832761e-28
429,2010,10,2010-October,1.0098,1.1013,10.5,71,1.3421464800602327e-30
430,2010,10,2010-October,1.0098,1.1013,11.0,76,1.3328214711938723e-33
431,2010,10,2010-October,1.0098,1.1013,11.5,80,9.554993652178501e-37
432,2010,10,2010-October,1.0098,1.1013,12.0,84,4.945972137300079e-40
433,2010,10,2010-October,1.0098,1.1013,12.5,88,1.8488551144343626e-43
434,2010,10,2010-October,1.0098,1.1013,13.0,92,4.991639980290164e-47
435,2010,10,2010-October,1.0098,1.1013,13.5,95,9.734761068180094e-51
436,2010,10,2010-October,1.0098,1.1013,14.0,97,1.3714998969081017e-54
437,2010,10,2010-October,1.0098,1.1013,14.5,100,1.396035785677423e-58
438,2010,10,2010-October,1.0098,1.1013,15.0,102,1.0267511612340062e-62
439,2010,10,2010-October,1.0098,1.1013,15.5,104,5.456769716460852e-67
440,2010,10,2010-October,1.0098,1.1013,16.0,105,2.0957452232313034e-71
441,2010,10,2010-October,1.0098,1.1013,16.5,107,5.817034108639379e-76
442,2010,10,2010-October,1.0098,1.1013,17.0,108,1.1669448748611822e-80
443,2010,10,2010-October,1.0098,1.1013,17.5,109,1.6920290357077977e-85
444,2010,10,2010-October,1.0098,1.1013,18.0,109,1.7733530269818167e-90
445,2010,10,2010-October,1.0098,1.1013,18.5,109,1.3434822913796877e-95
446,2010,10,2010-October,1.0098,1.1013,19.0,109,7.357595891262126e-101
447,2010,10,2010-October,1.0098,1.1013,19.5,109,2.912887038855393e-106
448,2010,10,2010-October,1.0098,1.1013,20.0,109,8.337009930634888e-112
449,2010,10,2010-October,1.0098,1.1013,20.5,109,1.725083277496319e-117
450,2010,10,2010-October,1.0098,1.1013,21.0,108,2.580690776571109e-123
451,2010,10,2010-October,1.0098,1.1013,21.5,108,2.7912593778762212e-129
452,2010,10,2010-October,1.0098,1.1013,22.0,107,2.182800608218337e-135
453,2010,10,2010-October,1.0098,1.1013,22.5,106,1.2342073917121291e-141
454,2010,10,2010-October,1.0098,1.1013,23.0,105,5.045826233302822e-148
455,2010,10,2010-October,1.0098,1.1013,23.5,104,1.4916115431314762e-154
456,2010,10,2010-October,1.0098,1.1013,24.0,103,3.1883583237203827e-161
457,2010,10,2010-October,1.0098,1.1013,24.5,102,4.928043862106838e-168
458,2010,10,2010-October,1.0098,1.1013,25.0,102,5.507895309567166e-175
459,2010,11,2010-November,0.9376,1.0226,0,0,0.0
460,2010,11,2010-November,0.9376,1.0226,0.5,0,0.6224899035117062
461,2010,11,2010-November,0.9376,1.0226,1.0,0,0.7088010121053208
462,2010,11,2010-November,0.9376,1.0226,1.5,0,0.4158010905252643
463,2010,11,2010-November,0.9376,1.0226,2.0,0,0.14893693458718385
464,2010,11,2010-November,0.9376,1.0226,2.5,0,0.034355675235531714
465,2010,11,2010-November,0.9376,1.0226,3.0,0,0.005226053048612667
466,2010,11,2010-November,0.9376,1.0226,3.5,0,0.0005309121898758586
467,2010,11,2010-November,0.9376,1.0226,4.0,0,3.6293157366432087e-05
468,2010,11,2010-November,0.9376,1.0226,4.5,0,1.6776269590037262e-06
469,2010,11,2010-November,0.9376,1.0226,5.0,5,5.261129885644774e-08
470,2010,11,2010-November,0.9376,1.0226,5.5,8,1.1220335936311254e-09
471,2010,11,2010-November,0.9376,1.0226,6.0,13,1.630183849349935e-11
472,2010,11,2010-November,0.9376,1.0226,6.5,19,1.615655904843044e-13
473,2010,11,2010-November,0.9376,1.0226,7.0,26,1.0934319246518358e-15
474,2010,11,2010-November,0.9376,1.0226,7.5,32,5.057328702545571e-18
475,2010,11,2010-November,0.9376,1.0226,8.0,39,1.5996468979957993e-20
476,2010,11,2010-November,0.9376,1.0226,8.5,46,3.4620656914643133e-23
477,2010,11,2010-November,0.9376,1.0226,9.0,53,5.1291941658921894e-26
478,2010,11,2010-November,0.9376,1.0226,9.5,59,5.203894717251564e-29
479,2010,11,2010-November,0.9376,1.0226,10.0,65,3.616689095162369e-32
480,2010,11,2010-November,0.9376,1.0226,10.5,71,1.7223236717630774e-35
481,2010,11,2010-November,0.9376,1.0226,11.0,76,5.6213479221183727e-39
482,2010,11,2010-November,0.9376,1.0226,11.5,80,1.257696767518438e-42
483,2010,11,2010-November,0.9376,1.0226,12.0,84,1.9292907780320543e-46
484,2010,11,2010-November,0.9376,1.0226,12.5,88,2.0294240732383004e-50
485,2010,11,2010-November,0.9376,1.0226,13.0,92,1.464065523426078e-54
486,2010,11,2010-November,0.9376,1.0226,13.5,95,7.244581643007969e-59
487,2010,11,2010-November,0.9376,1.0226,14.0,97,2.4591101013662063e-63
488,2010,11,2010-November,0.9376,1.0226,14.5,100,5.7265934240918065e-68
489,2010,11,2010-November,0.9376,1.0226,15.0,102,9.149682653806444e-73
490,2010,11,2010-November,0.9376,1.0226,15.5,104,1.0030923287145534e-77
491,2010,11,2010-November,0.9376,1.0226,16.0,105,7.546257954048544e-83
492,2010,11,2010-November,0.9376,1.0226,16.5,107,3.8958845232709833e-88
493,2010,11,2010-November,0.9376,1.0226,17.0,108,1.3803510011562154e-93
494,2010,11,2010-November,0.9376,1.0226,17.5,109,3.3566430332833592e-99
495,2010,11,2010-November,0.9376,1.0226,18.0,109,5.602400151195498e-105
496,2010,11,2010-November,0.9376,1.0226,18.5,109,6.4182388249586136e-111
497,2010,11,2010-November,0.9376,1.0226,19.0,109,5.04717409317607e-117
498,2010,11,2010-November,0.9376,1.0226,19.5,109,2.7245065060461775e-123
499,2010,11,2010-November,0.9376,1.0226,20.0,109,1.0096010689522252e-129
500,2010,11,2010-November,0.9376,1.0226,20.5,109,2.5683147715260905e-136
501,2010,11,2010-November,0.9376,1.0226,21.0,108,4.485349407719179e-143
502,2010,11,2010-November,0.9376,1.0226,21.5,108,5.37781745689528e-150
503,2010,11,2010-November,0.9376,1.0226,22.0,107,4.426789825580793e-157
504,2010,11,2010-November,0.9376,1.0226,22.5,106,2.501816084937524e-164
505,2010,11,2010-November,0.9376,1.0226,23.0,105,9.707677780679438e-172
506,2010,11,2010-November,0.9376,1.0226,23.5,104,2.586294925721687e-179
507,2010,11,2010-November,0.9376,1.0226,24.0,103,4.730990874303213e-187
508,2010,11,2010-November,0.9376,1.0226,24.5,102,5.942177909960761e-195
509,2010,11,2010-November,0.9376,1.0226,25.0,102,5.124674510586344e-203
510,2010,12,2010-December,0.9426,1.0280,0,0,0.0
511,2010,12,2010-December,0.9426,1.0280,0.5,0,0.6171803892332807
512,2010,12,2010-December,0.9426,1.0280,1.0,0,0.7069155119098184
513,2010,12,2010-December,0.9426,1.0280,1.5,0,0.4187946261998303
514,2010,12,2010-December,0.9426,1.0280,2.0,0,0.15208945325026743
515,2010,12,2010-December,0.9426,1.0280,2.5,0,0.035709626291564975
516,2010,12,2010-December,0.9426,1.0280,3.0,0,0.005550852366860322
517,2010,12,2010-December,0.9426,1.0280,3.5,0,0.0005785175306863918
518,2010,12,2010-December,0.9426,1.0280,4.0,0,4.073197420893572e-05
519,2010,12,2010-December,0.9426,1.0280,4.5,0,1.946847365397592e-06
520,2010,12,2010-December,0.9426,1.0280,5.0,5,6.337970996494e-08
521,2010,12,2010-December,0.9426,1.0280,5.5,8,1.4087071459622778e-09
522,2010,12,2010-December,0.9426,1.0280,6.0,13,2.1414305568647403e-11
523,2010,12,2010-December,0.9426,1.0280,6.5,19,2.229347403014482e-13
524,2010,12,2010-December,0.9426,1.0280,7.0,26,1.5910763293742251e-15
525,2010,12,2010-December,0.9426,1.0280,7.5,32,7.79111744030093e-18
526,2010,12,2010-December,0.9426,1.0280,8.0,39,2.6193342332455487e-20
527,2010,12,2010-December,0.9426,1.0280,8.5,46,6.049217977758682e-23
528,2010,12,2010-December,0.9426,1.0280,9.0,53,9.601058729993024e-26
529,2010,12,2010-December,0.9426,1.0280,9.5,59,1.0476433544153642e-28
530,2010,12,2010-December,0.9426,1.0280,10.0,65,7.861764482413197e-32
531,2010,12,2010-December,0.9426,1.0280,10.5,71,4.058414795200135e-35
532,2010,12,2010-December,0.9426,1.0280,11.0,76,1.4415305631400806e-38
533,2010,12,2010-December,0.9426,1.0280,11.5,80,3.5237896676870754e-42
534,2010,12,2010-December,0.9426,1.0280,12.0,84,5.929134241924351e-46
535,2010,12,2010-December,0.9426,1.0280,12.5,88,6.868072675458642e-50
536,2010,12,2010-December,0.9426,1.0280,13.0,92,5.477721967619254e-54
537,2010,12,2010-December,0.9426,1.0280,13.5,95,3.008424361121683e-58
538,2010,12,2010-December,0.9426,1.0280,14.0,97,1.1378866218332547e-62
539,2010,12,2010-December,0.9426,1.0280,14.5,100,2.9642956546384262e-67
540,2010,12,2010-December,0.9426,1.0280,15.0,102,5.319174837391851e-72
541,2010,12,2010-December,0.9426,1.0280,15.5,104,6.5750813094914284e-77
542,2010,12,2010-December,0.9426,1.0280,16.0,105,5.599158574912547e-82
543,2010,12,2010-December,0.9426,1.0280,16.5,107,3.2850124208048044e-87
544,2010,12,2010-December,0.9426,1.0280,17.0,108,1.3279117448493446e-92
545,2010,12,2010-December,0.9426,1.0280,17.5,109,3.698643645628649e-98
546,2010,12,2010-December,0.9426,1.0280,18.0,109,7.098687032521202e-104
547,2010,12,2010-December,0.9426,1.0280,18.5,109,9.388479608577645e-110
548,2010,12,2010-December,0.9426,1.0280,19.0,109,8.556813894469263e-116
549,2010,12,2010-December,0.9426,1.0280,19.5,109,5.374585490181273e-122
550,2010,12,2010-December,0.9426,1.0280,20.0,109,2.3265327480917783e-128
551,2010,12,2010-December,0.9426,1.0280,20.5,109,6.940947790721143e-135
552,2010,12,2010-December,0.9426,1.0280,21.0,108,1.427206731979544e-141
553,2010,12,2010-December,0.9426,1.0280,21.5,108,2.0226729049607622e-148
554,2010,12,2010-December,0.9426,1.0280,22.0,107,1.975815625879148e-155
555,2010,12,2010-December,0.9426,1.0280,22.5,106,1.3303310356301582e-162
556,2010,12,2010-December,0.9426,1.0280,23.0,105,6.174125353026677e-170
557,2010,12,2010-December,0.9426,1.0280,23.5,104,1.975162368592295e-177
558,2010,12,2010-December,0.9426,1.0280,24.0,103,4.355624658092749e-185
559,2010,12,2010-December,0.9426,1.0280,24.5,102,6.62104421332356e-193
560,2010,12,2010-December,0.9426,1.0280,25.0,102,6.938067835432623e-201
561,2011,1,2011-January,0.0000,0.0000,0,0,0.0
562,2011,1,2011-January,0.0000,0.0000,0.5,0,0.0
563,2011,1,2011-January,0.0000,0.0000,1.0,0,0.0
564,2011,1,2011-January,0.0000,0.0000,1.5,0,0.0
565,2011,1,2011-January,0.0000,0.0000,2.0,0,0.0
566,2011,1,2011-January,0.0000,0.0000,2.5,0,0.0
567,2011,1,2011-January,0.0000,0.0000,3.0,0,0.0
568,2011,1,2011-January,0.0000,0.0000,3.5,0,0.0
569,2011,1,2011-January,0.0000,0.0000,4.0,0,0.0
570,2011,1,2011-January,0.0000,0.0000,4.5,0,0.0
571,2011,1,2011-January,0.0000,0.0000,5.0,5,0.0
572,2011,1,2011-January,0.0000,0.0000,5.5,8,0.0
573,2011,1,2011-January,0.0000,0.0000,6.0,13,0.0
574,2011,1,2011-January,0.0000,0.0000,6.5,19,0.0
575,2011,1,2011-January,0.0000,0.0000,7.0,26,0.0
576,2011,1,2011-January,0.0000,0.0000,7.5,32,0.0
577,2011,1,2011-January,0.0000,0.0000,8.0,39,0.0
578,2011,1,2011-January,0.0000,0.0000,8.5,46,0.0
579,2011,1,2011-January,0.0000,0.0000,9.0,53,0.0
580,2011,1,2011-January,0.0000,0.0000,9.5,59,0.0
581,2011,1,2011-January,0.0000,0.0000,10.0,65,0.0
582,2011,1,2011-January,0.0000,0.0000,10.5,71,0.0
583,2011,1,2011-January,0.0000,0.0000,11.0,76,0.0
584,2011,1,2011-January,0.0000,0.0000,11.5,80,0.0
585,2011,1,2011-January,0.0000,0.0000,12.0,84,0.0
586,2011,1,2011-January,0.0000,0.0000,12.5,88,0.0
587,2011,1,2011-January,0.0000,0.0000,13.0,92,0.0
588,2011,1,2011-January,0.0000,0.0000,13.5,95,0.0
589,2011,1,2011-January,0.0000,0.0000,14.0,97,0.0
590,2011,1,2011-January,0.0000,0.0000,14.5,100,0.0
591,2011,1,2011-January,0.0000,0.0000,15.0,102,0.0
592,2011,1,2011-January,0.0000,0.0000,15.5,104,0.0
593,2011,1,2011-January,0.0000,0.0000,16.0,105,0.0
594,2011,1,2011-January,0.0000,0.0000,16.5,107,0.0
595,2011,1,2011-January,0.0000,0.0000,17.0,108,0.0
596,2011,1,2011-January,0.0000,0.0000,17.5,109,0.0
597,2011,1,2011-January,0.0000,0.0000,18.0,109,0.0
598,2011,1,2011-January,0.0000,0.0000,18.5,109,0.0
599,2011,1,2011-January,0.0000,0.0000,19.0,109,0.0
600,2011,1,2011-January,0.0000,0.0000,19.5,109,0.0
601,2011,1,2011-January,0.0000,0.0000,20.0,109,0.0
602,2011,1,2011-January,0.0000,0.0000,20.5,109,0.0
603,2011,1,2011-January,0.0000,0.0000,21.0,108,0.0
604,2011,1,2011-January,0.0000,0.0000,21.5,108,0.0
605,2011,1,2011-January,0.0000,0.0000,22.0,107,0.0
606,2011,1,2011-January,0.0000,0.0000,22.5,106,0.0
607,2011,1,2011-January,0.0000,0.0000,23.0,105,0.0
608,2011,1,2011-January,0.0000,0.0000,23.5,104,0.0
609,2011,1,2011-January,0.0000,0.0000,24.0,103,0.0
610,2011,1,2011-January,0.0000,0.0000,24.5,102,0.0
611,2011,1,2011-January,0.0000,0.0000,25.0,102,0.0
